file,method,direct_guard_candidates
"app/api/absence/report/route.ts","GET","getAuthenticatedBusiness;getCurrentUser"
"app/api/absence/route.ts","DELETE","getAuthenticatedBusiness;getCurrentUser"
"app/api/absence/route.ts","GET","getAuthenticatedBusiness;getCurrentUser"
"app/api/absence/route.ts","POST","getAuthenticatedBusiness;getCurrentUser"
"app/api/account/delete/route.ts","POST","getAuthenticatedBusiness"
"app/api/actions/route.ts","POST","getAuthenticatedBusiness"
"app/api/admin/ask-coverage/route.ts","GET",""
"app/api/admin/backfill-products/route.ts","POST",""
"app/api/admin/cost-probe/route.ts","GET",""
"app/api/admin/create-pilot/route.ts","POST",""
"app/api/admin/customers/route.ts","GET",""
"app/api/admin/customers/route.ts","PATCH",""
"app/api/admin/demo-fortnox-sim/route.ts","POST","getAuthenticatedBusiness;getCurrentUser"
"app/api/admin/demo-onboarding-replay/route.ts","POST","getAuthenticatedBusiness;getCurrentUser"
"app/api/admin/demo-reset/route.ts","POST","getAuthenticatedBusiness;getCurrentUser"
"app/api/admin/demo-seed-meeting/route.ts","POST","getAuthenticatedBusiness;getCurrentUser"
"app/api/admin/impersonate/[businessId]/route.ts","DELETE",""
"app/api/admin/impersonate/[businessId]/route.ts","POST",""
"app/api/admin/impersonate/route.ts","DELETE",""
"app/api/admin/impersonate/route.ts","POST",""
"app/api/admin/impersonate/verify/route.ts","GET",""
"app/api/admin/invoice-manifests/reconcile/route.ts","POST","getAuthenticatedBusiness;getCurrentUser"
"app/api/admin/kortkvalitet/route.ts","GET",""
"app/api/admin/launch-preflight/route.ts","GET",""
"app/api/admin/launch-readiness/bevis/route.ts","DELETE",""
"app/api/admin/launch-readiness/bevis/route.ts","POST",""
"app/api/admin/launch-readiness/route.ts","GET",""
"app/api/admin/launch/accounts/[id]/route.ts","GET",""
"app/api/admin/launch/accounts/[id]/route.ts","PATCH",""
"app/api/admin/launch/accounts/[id]/signaler/route.ts","POST",""
"app/api/admin/launch/accounts/route.ts","GET",""
"app/api/admin/launch/accounts/route.ts","POST",""
"app/api/admin/launch/activity/route.ts","POST",""
"app/api/admin/launch/brief/route.ts","POST",""
"app/api/admin/launch/kallor/platsbanken/route.ts","POST",""
"app/api/admin/launch/signaler/batch/route.ts","POST",""
"app/api/admin/launch/suppress/route.ts","POST",""
"app/api/admin/launch/veckopuls/route.ts","GET",""
"app/api/admin/mandate-maturity/route.ts","GET",""
"app/api/admin/metrics/route.ts","GET",""
"app/api/admin/onboarding-funnel/route.ts","GET",""
"app/api/admin/partners/[id]/approve/route.ts","GET",""
"app/api/admin/partners/commission/route.ts","GET",""
"app/api/admin/partners/commission/route.ts","PATCH",""
"app/api/admin/partners/commission/route.ts","POST",""
"app/api/admin/partners/route.ts","GET",""
"app/api/admin/partners/route.ts","PATCH",""
"app/api/admin/pilots/route.ts","GET",""
"app/api/admin/project-outcomes/reconcile/route.ts","POST","getAuthenticatedBusiness;getCurrentUser"
"app/api/admin/raddningsko/[id]/route.ts","POST",""
"app/api/admin/raddningsko/manuell-fix/route.ts","POST",""
"app/api/admin/raddningsko/route.ts","GET",""
"app/api/admin/support-operations/route.ts","GET",""
"app/api/admin/support-tickets/[id]/reply/route.ts","POST",""
"app/api/admin/support-tickets/[id]/resolve/route.ts","POST",""
"app/api/admin/support-tickets/[id]/route.ts","GET",""
"app/api/admin/support-tickets/[id]/satisfaction/route.ts","POST","getAuthenticatedBusiness"
"app/api/admin/support-tickets/route.ts","GET",""
"app/api/admin/transcription-bench/route.ts","POST",""
"app/api/agent/data/route.ts","GET","getAuthenticatedBusiness"
"app/api/agent/data/route.ts","POST","getAuthenticatedBusiness"
"app/api/agent/memories/[id]/route.ts","DELETE","getAuthenticatedBusiness"
"app/api/agent/memories/route.ts","GET","getAuthenticatedBusiness"
"app/api/agent/test-handoff/route.ts","POST","getAuthenticatedBusiness"
"app/api/agent/trigger/route.ts","POST","getAuthenticatedBusiness"
"app/api/agreement-types/route.ts","DELETE","getAuthenticatedBusiness"
"app/api/agreement-types/route.ts","GET","getAuthenticatedBusiness"
"app/api/agreement-types/route.ts","POST","getAuthenticatedBusiness"
"app/api/agreement-types/route.ts","PUT","getAuthenticatedBusiness"
"app/api/agreements/route.ts","GET","getAuthenticatedBusiness"
"app/api/agreements/route.ts","POST","getAuthenticatedBusiness"
"app/api/agreements/route.ts","PUT","getAuthenticatedBusiness"
"app/api/agreements/sweep/route.ts","POST","getAuthenticatedBusiness"
"app/api/ai-copilot/route.ts","POST","getAuthenticatedBusiness"
"app/api/allowance-types/route.ts","GET","getAuthenticatedBusiness"
"app/api/allowance-types/route.ts","POST","getAuthenticatedBusiness"
"app/api/allowance-types/route.ts","PUT","getAuthenticatedBusiness"
"app/api/allowances/route.ts","DELETE","getAuthenticatedBusiness;getCurrentUser;hasPermission"
"app/api/allowances/route.ts","GET","getAuthenticatedBusiness;getCurrentUser;hasPermission"
"app/api/allowances/route.ts","POST","getAuthenticatedBusiness;verifyOwnership;getCurrentUser;hasPermission"
"app/api/analytics/economics/route.ts","GET","getAuthenticatedBusiness;getCurrentUser;hasPermission"
"app/api/analytics/insights/route.ts","GET","getAuthenticatedBusiness"
"app/api/analytics/job-types/route.ts","GET","getAuthenticatedBusiness;getCurrentUser;hasPermission"
"app/api/analytics/quote-performance/route.ts","GET","getAuthenticatedBusiness"
"app/api/analytics/speed-to-lead/route.ts","GET","getAuthenticatedBusiness"
"app/api/analytics/win-loss/route.ts","GET","getAuthenticatedBusiness;getCurrentUser;hasPermission"
"app/api/approvals/[id]/route.ts","GET","getAuthenticatedBusiness;getCurrentUser;canActOnApproval"
"app/api/approvals/[id]/route.ts","POST","getAuthenticatedBusiness;getCurrentUser;canActOnApproval"
"app/api/approvals/route.ts","GET","getAuthenticatedBusiness;getCurrentUser;canActOnApproval"
"app/api/approvals/route.ts","POST","getAuthenticatedBusiness"
"app/api/ata/[id]/pdf/route.ts","GET","getAuthenticatedBusiness;getCurrentUser;hasPermission"
"app/api/ata/[id]/route.ts","DELETE","getAuthenticatedBusiness"
"app/api/ata/[id]/route.ts","GET","getAuthenticatedBusiness"
"app/api/ata/[id]/route.ts","PATCH","getAuthenticatedBusiness"
"app/api/ata/[id]/send/route.ts","GET",""
"app/api/ata/[id]/send/route.ts","POST",""
"app/api/ata/route.ts","GET","getAuthenticatedBusiness"
"app/api/ata/route.ts","POST","getAuthenticatedBusiness;verifyOwnership"
"app/api/ata/sign/[token]/pdf/route.ts","GET",""
"app/api/ata/sign/[token]/route.ts","GET",""
"app/api/ata/sign/[token]/route.ts","POST",""
"app/api/auth/logout/route.ts","POST",""
"app/api/auth/register/route.ts","POST",""
"app/api/auth/route.ts","POST",""
"app/api/auto-approve/patterns/route.ts","GET","getAuthenticatedBusiness"
"app/api/automation/logs/route.ts","GET","getAuthenticatedBusiness"
"app/api/automation/route.ts","GET","getAuthenticatedBusiness"
"app/api/automation/route.ts","PATCH","getAuthenticatedBusiness"
"app/api/automation/route.ts","POST","getAuthenticatedBusiness"
"app/api/automation/rules/[id]/route.ts","DELETE","getAuthenticatedBusiness"
"app/api/automation/rules/[id]/route.ts","GET","getAuthenticatedBusiness"
"app/api/automation/rules/[id]/route.ts","PUT","getAuthenticatedBusiness"
"app/api/automation/rules/[id]/run/route.ts","POST","getAuthenticatedBusiness"
"app/api/automation/rules/[id]/toggle/route.ts","POST","getAuthenticatedBusiness"
"app/api/automation/rules/route.ts","GET","getAuthenticatedBusiness"
"app/api/automation/rules/route.ts","POST","getAuthenticatedBusiness"
"app/api/automation/settings/route.ts","GET","getAuthenticatedBusiness"
"app/api/automation/settings/route.ts","PUT","getAuthenticatedBusiness"
"app/api/automation/value/route.ts","GET","getAuthenticatedBusiness"
"app/api/automations/activity/route.ts","GET","getAuthenticatedBusiness"
"app/api/automations/route.ts","GET","getAuthenticatedBusiness"
"app/api/automations/route.ts","PATCH","getAuthenticatedBusiness"
"app/api/automations/route.ts","POST",""
"app/api/automations/test/route.ts","POST","getAuthenticatedBusiness"
"app/api/autonomy/revoke/route.ts","POST","getAuthenticatedBusiness"
"app/api/autonomy/route.ts","GET","getAuthenticatedBusiness"
"app/api/benchmark/readiness/route.ts","GET","authorize"
"app/api/benchmark/readiness/route.ts","PUT","authorize"
"app/api/billing/checkout/route.ts","POST","getAuthenticatedBusiness;getCurrentUser"
"app/api/billing/fuel-topup/route.ts","POST","getAuthenticatedBusiness;getCurrentUser"
"app/api/billing/fuel/route.ts","GET","getAuthenticatedBusiness"
"app/api/billing/leads-addon/route.ts","POST","getAuthenticatedBusiness;getCurrentUser"
"app/api/billing/onboarding-checkout/route.ts","POST","getAuthenticatedBusiness"
"app/api/billing/onboarding-checkout/verify/route.ts","POST","getAuthenticatedBusiness"
"app/api/billing/portal/route.ts","POST","getAuthenticatedBusiness;getCurrentUser"
"app/api/billing/route.ts","GET","getAuthenticatedBusiness;getCurrentUser"
"app/api/billing/usage/route.ts","GET","getAuthenticatedBusiness;getCurrentUser"
"app/api/billing/webhook/route.ts","POST",""
"app/api/booking/complete-job/route.ts","POST","getAuthenticatedBusiness"
"app/api/booking/start-job/route.ts","POST","getAuthenticatedBusiness"
"app/api/bookings/route.ts","DELETE","getAuthenticatedBusiness"
"app/api/bookings/route.ts","GET","getAuthenticatedBusiness"
"app/api/bookings/route.ts","POST","getAuthenticatedBusiness"
"app/api/bookings/route.ts","PUT","getAuthenticatedBusiness;getCurrentUser;notifyBookingAssignment"
"app/api/business-config/company-profile/route.ts","GET","getAuthenticatedBusiness;getCurrentUser"
"app/api/business-config/company-profile/route.ts","PUT","getAuthenticatedBusiness;getCurrentUser"
"app/api/business-config/internal-cost-default/route.ts","GET","getAuthenticatedBusiness;getCurrentUser"
"app/api/business-config/internal-cost-default/route.ts","PUT","getAuthenticatedBusiness;getCurrentUser"
"app/api/business-rules/route.ts","DELETE","getAuthenticatedBusiness;getCurrentUser"
"app/api/business-rules/route.ts","GET","getAuthenticatedBusiness"
"app/api/business-rules/route.ts","POST","getAuthenticatedBusiness;getCurrentUser"
"app/api/business-settings/route.ts","GET","getAuthenticatedBusiness"
"app/api/business-twin/forecasts/route.ts","GET","authorize"
"app/api/business-twin/forecasts/route.ts","POST","authorize"
"app/api/business/logo/route.ts","POST","getAuthenticatedBusiness"
"app/api/calendar/events/route.ts","GET","getAuthenticatedBusiness;getCurrentUser"
"app/api/campaigns/analytics/route.ts","GET","getAuthenticatedBusiness"
"app/api/campaigns/generate-text/route.ts","POST","getAuthenticatedBusiness"
"app/api/campaigns/send/route.ts","POST","getAuthenticatedBusiness"
"app/api/canvas/route.ts","GET","getAuthenticatedBusiness"
"app/api/canvas/route.ts","PUT","getAuthenticatedBusiness"
"app/api/capacity/week/route.ts","GET","getAuthenticatedBusiness"
"app/api/checkin/approve/route.ts","POST","getAuthenticatedBusiness;getCurrentUser;hasPermission"
"app/api/checkin/checkout/route.ts","POST","getAuthenticatedBusiness"
"app/api/checkin/route.ts","GET","getAuthenticatedBusiness"
"app/api/checkin/route.ts","POST","getAuthenticatedBusiness"
"app/api/checklists/templates/route.ts","GET","getAuthenticatedBusiness"
"app/api/checklists/templates/route.ts","POST","getAuthenticatedBusiness"
"app/api/communication/evaluate/route.ts","POST","getAuthenticatedBusiness"
"app/api/communication/log/route.ts","GET","getAuthenticatedBusiness"
"app/api/communication/rules/[id]/route.ts","DELETE","getAuthenticatedBusiness"
"app/api/communication/rules/[id]/route.ts","PATCH","getAuthenticatedBusiness"
"app/api/communication/rules/route.ts","GET","getAuthenticatedBusiness"
"app/api/communication/rules/route.ts","POST","getAuthenticatedBusiness"
"app/api/communication/send-manual/route.ts","POST","getAuthenticatedBusiness"
"app/api/communication/settings/route.ts","GET","getAuthenticatedBusiness"
"app/api/communication/settings/route.ts","PUT","getAuthenticatedBusiness"
"app/api/communication/stats/route.ts","GET","getAuthenticatedBusiness"
"app/api/communication/trigger/route.ts","POST","getAuthenticatedBusiness"
"app/api/cron/agent-context/route.ts","GET",""
"app/api/cron/agent-context/route.ts","POST",""
"app/api/cron/agent-observations/[agent]/route.ts","GET",""
"app/api/cron/agent-observations/test/route.ts","GET","getAuthenticatedBusiness"
"app/api/cron/avtal-forslag/route.ts","GET",""
"app/api/cron/cert-expiry-check/route.ts","GET",""
"app/api/cron/cert-expiry-check/route.ts","POST",""
"app/api/cron/check-overdue/route.ts","GET",""
"app/api/cron/check-overdue/route.ts","POST",""
"app/api/cron/communication-check/route.ts","GET",""
"app/api/cron/credit-watch/route.ts","GET",""
"app/api/cron/credit-watch/route.ts","POST",""
"app/api/cron/driftlarm/route.ts","GET",""
"app/api/cron/driftlarm/route.ts","POST",""
"app/api/cron/evaluate-thresholds/route.ts","GET",""
"app/api/cron/expectation-drift/route.ts","GET",""
"app/api/cron/expectation-drift/route.ts","POST",""
"app/api/cron/fortnox-sync/route.ts","GET",""
"app/api/cron/generate-insights/route.ts","GET",""
"app/api/cron/gmail-lead-import/route.ts","GET",""
"app/api/cron/gmail-poll/route.ts","GET",""
"app/api/cron/hanna-outbound/route.ts","GET",""
"app/api/cron/hemsida-forslag/route.ts","GET",""
"app/api/cron/kapacitet-fyllnad/route.ts","GET",""
"app/api/cron/karin-deadlines/route.ts","GET",""
"app/api/cron/karin-deadlines/route.ts","POST",""
"app/api/cron/kort-gar-ut/route.ts","GET",""
"app/api/cron/maintenance/route.ts","GET",""
"app/api/cron/meeting-reminders/route.ts","GET",""
"app/api/cron/meeting-worker/route.ts","GET",""
"app/api/cron/missed-revenue/route.ts","GET",""
"app/api/cron/monthly-review/route.ts","GET",""
"app/api/cron/monthly-review/route.ts","POST","getAuthenticatedBusiness"
"app/api/cron/morning-brief/route.ts","GET",""
"app/api/cron/next-best-action/route.ts","GET",""
"app/api/cron/nurture/route.ts","GET",""
"app/api/cron/onboarding-followup/route.ts","GET",""
"app/api/cron/onboarding-followup/route.ts","POST",""
"app/api/cron/patterns/route.ts","GET",""
"app/api/cron/patterns/test/route.ts","GET","getAuthenticatedBusiness"
"app/api/cron/phone-provision-retry/route.ts","GET",""
"app/api/cron/phone-provision-retry/route.ts","POST",""
"app/api/cron/playbook-kickoff/route.ts","GET",""
"app/api/cron/playbook-kickoff/route.ts","POST",""
"app/api/cron/playbook-pattern/route.ts","GET",""
"app/api/cron/playbook-pattern/route.ts","POST",""
"app/api/cron/project-health/route.ts","GET",""
"app/api/cron/project-health/route.ts","POST",""
"app/api/cron/promise-deadlines/route.ts","GET",""
"app/api/cron/promise-deadlines/route.ts","POST",""
"app/api/cron/push-morgon/route.ts","GET",""
"app/api/cron/push-morgon/route.ts","POST",""
"app/api/cron/quote-follow-up/route.ts","GET",""
"app/api/cron/raddningsko/route.ts","GET",""
"app/api/cron/raddningsko/route.ts","POST",""
"app/api/cron/review-requests/route.ts","GET",""
"app/api/cron/seasonality/route.ts","GET",""
"app/api/cron/send-campaigns/route.ts","GET",""
"app/api/cron/send-reminders/route.ts","GET",""
"app/api/cron/send-reminders/route.ts","POST",""
"app/api/cron/service-bookings/route.ts","GET",""
"app/api/cron/sync-calendars/route.ts","GET",""
"app/api/cron/tidrapport-forslag/route.ts","GET",""
"app/api/cron/tidrapport-forslag/route.ts","POST",""
"app/api/cron/veckorapport/route.ts","GET",""
"app/api/customer-cases/route.ts","GET","getAuthenticatedBusiness;getCurrentUser;canActOnApproval"
"app/api/customer-preparation/review/route.ts","POST","getAuthenticatedBusiness;getCurrentUser"
"app/api/customer-preparation/route.ts","GET",""
"app/api/customer-preparation/route.ts","PATCH",""
"app/api/customer-preparation/route.ts","POST",""
"app/api/customers/[id]/communication-trail/pdf/route.ts","GET","getAuthenticatedBusiness;getCurrentUser;hasPermission"
"app/api/customers/[id]/communication-trail/route.ts","GET","getAuthenticatedBusiness;getCurrentUser;hasPermission"
"app/api/customers/[id]/documents/[docId]/route.ts","DELETE","getAuthenticatedBusiness"
"app/api/customers/[id]/documents/[docId]/route.ts","GET","getAuthenticatedBusiness"
"app/api/customers/[id]/documents/route.ts","DELETE","getAuthenticatedBusiness"
"app/api/customers/[id]/documents/route.ts","GET","getAuthenticatedBusiness"
"app/api/customers/[id]/documents/route.ts","POST","getAuthenticatedBusiness"
"app/api/customers/[id]/documents/upload/route.ts","POST","getAuthenticatedBusiness"
"app/api/customers/[id]/facts/route.ts","DELETE","getAuthenticatedBusiness"
"app/api/customers/[id]/facts/route.ts","GET","getAuthenticatedBusiness"
"app/api/customers/[id]/portal-link/route.ts","DELETE","getAuthenticatedBusiness"
"app/api/customers/[id]/portal-link/route.ts","POST","getAuthenticatedBusiness"
"app/api/customers/[id]/referrals/route.ts","GET","getAuthenticatedBusiness"
"app/api/customers/[id]/rot-rut/route.ts","GET","getAuthenticatedBusiness"
"app/api/customers/[id]/timeline/route.ts","GET","getAuthenticatedBusiness"
"app/api/customers/bulk/route.ts","POST","getAuthenticatedBusiness"
"app/api/customers/duplicates/route.ts","GET","getAuthenticatedBusiness"
"app/api/customers/duplicates/route.ts","POST","getAuthenticatedBusiness"
"app/api/customers/import/route.ts","POST","getAuthenticatedBusiness"
"app/api/customers/route.ts","DELETE","getAuthenticatedBusiness"
"app/api/customers/route.ts","GET","getAuthenticatedBusiness"
"app/api/customers/route.ts","POST","getAuthenticatedBusiness"
"app/api/customers/route.ts","PUT","getAuthenticatedBusiness"
"app/api/customers/tags/route.ts","DELETE","getAuthenticatedBusiness"
"app/api/customers/tags/route.ts","GET","getAuthenticatedBusiness"
"app/api/customers/tags/route.ts","POST","getAuthenticatedBusiness"
"app/api/customers/tags/route.ts","PUT","getAuthenticatedBusiness"
"app/api/dashboard/belaggning/route.ts","GET","getAuthenticatedBusiness"
"app/api/dashboard/cash-radar/nudge/route.ts","POST","getAuthenticatedBusiness"
"app/api/dashboard/cash-radar/route.ts","GET","getAuthenticatedBusiness;getCurrentUser;hasPermission"
"app/api/dashboard/economy-summary/route.ts","GET","getAuthenticatedBusiness;getCurrentUser;hasPermission"
"app/api/dashboard/pengar/route.ts","GET","getAuthenticatedBusiness;getCurrentUser"
"app/api/dashboard/saved-scoreboard/route.ts","GET","getAuthenticatedBusiness"
"app/api/dashboard/stats/route.ts","GET","getAuthenticatedBusiness"
"app/api/dashboard/team-activity/route.ts","GET","getAuthenticatedBusiness"
"app/api/dashboard/trust-ladder/route.ts","GET","getAuthenticatedBusiness"
"app/api/dashboard/weekly-value/route.ts","GET","getAuthenticatedBusiness"
"app/api/deals/[id]/documents/[docId]/route.ts","DELETE","getAuthenticatedBusiness"
"app/api/deals/[id]/documents/[docId]/route.ts","GET","getAuthenticatedBusiness"
"app/api/deals/[id]/documents/route.ts","GET","getAuthenticatedBusiness"
"app/api/deals/[id]/documents/upload/route.ts","POST","getAuthenticatedBusiness"
"app/api/deals/[id]/flow/route.ts","GET","getAuthenticatedBusiness"
"app/api/deals/[id]/flow/route.ts","POST","getAuthenticatedBusiness"
"app/api/debug/e2e-invoice/route.ts","POST","getAuthenticatedBusiness"
"app/api/debug/e2e-lifecycle/route.ts","POST","getAuthenticatedBusiness"
"app/api/debug/e2e-onboarding-fresh/route.ts","POST","getAuthenticatedBusiness"
"app/api/debug/e2e-quote/route.ts","POST","getAuthenticatedBusiness"
"app/api/debug/mail/route.ts","POST","getAuthenticatedBusiness"
"app/api/debug/schema-audit/route.ts","GET","getAuthenticatedBusiness"
"app/api/debug/sms/route.ts","POST","getAuthenticatedBusiness"
"app/api/debug/storage/route.ts","GET","getAuthenticatedBusiness"
"app/api/documents/[id]/route.ts","DELETE","getAuthenticatedBusiness"
"app/api/documents/[id]/route.ts","GET","getAuthenticatedBusiness"
"app/api/documents/[id]/route.ts","PATCH","getAuthenticatedBusiness"
"app/api/documents/categories/route.ts","GET","getAuthenticatedBusiness"
"app/api/documents/route.ts","GET","getAuthenticatedBusiness"
"app/api/documents/route.ts","POST","getAuthenticatedBusiness"
"app/api/documents/templates/[id]/route.ts","DELETE","getAuthenticatedBusiness"
"app/api/documents/templates/[id]/route.ts","GET","getAuthenticatedBusiness"
"app/api/documents/templates/[id]/route.ts","PATCH","getAuthenticatedBusiness"
"app/api/documents/templates/route.ts","GET","getAuthenticatedBusiness"
"app/api/documents/templates/route.ts","POST","getAuthenticatedBusiness"
"app/api/email-templates/route.ts","DELETE","getAuthenticatedBusiness"
"app/api/email-templates/route.ts","GET","getAuthenticatedBusiness"
"app/api/email-templates/route.ts","POST","getAuthenticatedBusiness"
"app/api/email-templates/route.ts","PUT","getAuthenticatedBusiness"
"app/api/email/inbound/route.ts","POST",""
"app/api/export/route.ts","GET","getAuthenticatedBusiness;getCurrentUser"
"app/api/feedback/route.ts","GET","getAuthenticatedBusiness"
"app/api/feedback/route.ts","POST","getAuthenticatedBusiness"
"app/api/field-reports/[id]/sign/route.ts","POST",""
"app/api/field-reports/public/route.ts","GET",""
"app/api/field-reports/route.ts","GET","getAuthenticatedBusiness"
"app/api/field-reports/route.ts","POST","getAuthenticatedBusiness;verifyOwnership"
"app/api/foretagsskannern/spar/route.ts","POST",""
"app/api/form-submissions/[id]/pdf/route.ts","GET","getAuthenticatedBusiness"
"app/api/form-submissions/route.ts","DELETE","getAuthenticatedBusiness"
"app/api/form-submissions/route.ts","GET","getAuthenticatedBusiness"
"app/api/form-submissions/route.ts","PATCH","getAuthenticatedBusiness"
"app/api/form-submissions/route.ts","POST","getAuthenticatedBusiness;verifyOwnership"
"app/api/form-templates/route.ts","DELETE","getAuthenticatedBusiness"
"app/api/form-templates/route.ts","GET","getAuthenticatedBusiness"
"app/api/form-templates/route.ts","POST","getAuthenticatedBusiness"
"app/api/form-templates/route.ts","PUT","getAuthenticatedBusiness"
"app/api/gdpr/delete/route.ts","POST","getAuthenticatedBusiness;getCurrentUser"
"app/api/gdpr/export/route.ts","GET","getAuthenticatedBusiness;getCurrentUser"
"app/api/gmail/customer-emails/route.ts","GET","getAuthenticatedBusiness;getCurrentUser"
"app/api/gmail/email-content/route.ts","GET","getAuthenticatedBusiness;getCurrentUser"
"app/api/gmail/thread-messages/route.ts","GET","getAuthenticatedBusiness;getCurrentUser"
"app/api/google/calendars/route.ts","GET","getAuthenticatedBusiness;getCurrentUser"
"app/api/google/callback/route.ts","GET","getAuthenticatedBusiness"
"app/api/google/connect/route.ts","GET","getAuthenticatedBusiness;getCurrentUser"
"app/api/google/disconnect/route.ts","DELETE","getAuthenticatedBusiness;getCurrentUser"
"app/api/google/events/route.ts","GET","getAuthenticatedBusiness;getCurrentUser"
"app/api/google/gmail-toggle/route.ts","POST","getAuthenticatedBusiness;getCurrentUser"
"app/api/google/status/route.ts","GET","getAuthenticatedBusiness;getCurrentUser"
"app/api/google/sync/route.ts","POST","getAuthenticatedBusiness;getCurrentUser"
"app/api/grossist/[supplier]/product/[id]/route.ts","GET","getAuthenticatedBusiness"
"app/api/grossist/[supplier]/search/route.ts","GET","getAuthenticatedBusiness"
"app/api/grossist/connect/route.ts","DELETE","getAuthenticatedBusiness"
"app/api/grossist/connect/route.ts","POST","getAuthenticatedBusiness"
"app/api/grossist/route.ts","GET","getAuthenticatedBusiness"
"app/api/grossist/sync-prices/route.ts","POST","getAuthenticatedBusiness"
"app/api/health/route.ts","GET",""
"app/api/insights/route.ts","GET","getAuthenticatedBusiness"
"app/api/insights/route.ts","POST","getAuthenticatedBusiness"
"app/api/integrations/email-lead/mx-check/route.ts","GET","getAuthenticatedBusiness"
"app/api/integrations/email-lead/route.ts","GET","getAuthenticatedBusiness"
"app/api/integrations/email-lead/route.ts","POST","getAuthenticatedBusiness;getCurrentUser;hasPermission"
"app/api/integrations/fortnox/callback/route.ts","GET",""
"app/api/integrations/fortnox/connect/route.ts","GET","getAuthenticatedBusiness"
"app/api/integrations/fortnox/disconnect/route.ts","POST","getAuthenticatedBusiness;getCurrentUser;hasPermission"
"app/api/integrations/fortnox/import/customers/route.ts","POST","getAuthenticatedBusiness"
"app/api/integrations/fortnox/import/invoices/route.ts","POST","getAuthenticatedBusiness"
"app/api/integrations/fortnox/import/supplier-invoices/route.ts","POST","getAuthenticatedBusiness"
"app/api/integrations/fortnox/status/route.ts","GET","getAuthenticatedBusiness"
"app/api/integrations/fortnox/sync-now/route.ts","POST","getAuthenticatedBusiness"
"app/api/integrations/fortnox/sync/customers/route.ts","POST","getAuthenticatedBusiness"
"app/api/integrations/fortnox/sync/invoice/route.ts","POST","getAuthenticatedBusiness"
"app/api/integrations/fortnox/sync/invoices/route.ts","POST","getAuthenticatedBusiness"
"app/api/inventory/items/[id]/route.ts","DELETE","getAuthenticatedBusiness"
"app/api/inventory/items/[id]/route.ts","PUT","getAuthenticatedBusiness"
"app/api/inventory/items/route.ts","GET","getAuthenticatedBusiness"
"app/api/inventory/items/route.ts","POST","getAuthenticatedBusiness"
"app/api/inventory/locations/route.ts","GET","getAuthenticatedBusiness"
"app/api/inventory/locations/route.ts","POST","getAuthenticatedBusiness"
"app/api/inventory/movements/route.ts","GET","getAuthenticatedBusiness"
"app/api/inventory/movements/route.ts","POST","getAuthenticatedBusiness"
"app/api/inventory/movements/withdraw/route.ts","POST","getAuthenticatedBusiness"
"app/api/inventory/route.ts","DELETE","getAuthenticatedBusiness"
"app/api/inventory/route.ts","GET","getAuthenticatedBusiness"
"app/api/inventory/route.ts","POST","getAuthenticatedBusiness"
"app/api/inventory/route.ts","PUT","getAuthenticatedBusiness"
"app/api/inventory/transaction/route.ts","GET","getAuthenticatedBusiness"
"app/api/inventory/transaction/route.ts","POST","getAuthenticatedBusiness"
"app/api/invite/[token]/accept/route.ts","POST",""
"app/api/invite/[token]/route.ts","GET",""
"app/api/invoices/[id]/evidence-manifest/route.ts","GET","getAuthenticatedBusiness;getCurrentUser"
"app/api/invoices/[id]/mark-paid/route.ts","POST","getAuthenticatedBusiness;getCurrentUser;hasPermission"
"app/api/invoices/[id]/reminder-pdf/route.ts","GET","getAuthenticatedBusiness"
"app/api/invoices/[id]/reminder/route.ts","POST","getAuthenticatedBusiness"
"app/api/invoices/[id]/send-via-fortnox/route.ts","POST","getAuthenticatedBusiness"
"app/api/invoices/[id]/status/route.ts","PATCH","getAuthenticatedBusiness"
"app/api/invoices/auto-generate/route.ts","POST","getAuthenticatedBusiness"
"app/api/invoices/credit/route.ts","POST","getAuthenticatedBusiness;getCurrentUser;hasPermission"
"app/api/invoices/from-project/route.ts","GET","getAuthenticatedBusiness;getCurrentUser;hasPermission"
"app/api/invoices/from-project/route.ts","POST","getAuthenticatedBusiness;getCurrentUser;hasPermission"
"app/api/invoices/from-quote/route.ts","POST","getAuthenticatedBusiness;getCurrentUser;hasPermission"
"app/api/invoices/from-time-entries/route.ts","POST","getAuthenticatedBusiness;getCurrentUser;hasPermission"
"app/api/invoices/pdf/route.ts","GET","getAuthenticatedBusiness"
"app/api/invoices/route.ts","DELETE","getAuthenticatedBusiness;getCurrentUser;hasPermission"
"app/api/invoices/route.ts","GET","getAuthenticatedBusiness;getCurrentUser;hasPermission"
"app/api/invoices/route.ts","POST","getAuthenticatedBusiness;getCurrentUser;hasPermission"
"app/api/invoices/route.ts","PUT","getAuthenticatedBusiness;getCurrentUser;hasPermission"
"app/api/invoices/send/route.ts","POST","getAuthenticatedBusiness;getCurrentUser;hasPermission"
"app/api/jarvis/reactivation-signal/route.ts","GET","getAuthenticatedBusiness"
"app/api/job-preparation/route.ts","GET","getAuthenticatedBusiness;getCurrentUser"
"app/api/job-types/[id]/route.ts","DELETE","getAuthenticatedBusiness"
"app/api/job-types/[id]/route.ts","PUT","getAuthenticatedBusiness"
"app/api/job-types/matching-assignees/route.ts","GET","getAuthenticatedBusiness"
"app/api/job-types/quote-setup/route.ts","GET","getAuthenticatedBusiness;getCurrentUser;hasPermission"
"app/api/job-types/quote-setup/route.ts","PATCH","getAuthenticatedBusiness;getCurrentUser"
"app/api/job-types/quote-setup/route.ts","POST","getAuthenticatedBusiness;getCurrentUser"
"app/api/job-types/quote-setup/route.ts","PUT","getAuthenticatedBusiness;getCurrentUser"
"app/api/job-types/route.ts","GET","getAuthenticatedBusiness"
"app/api/job-types/route.ts","POST","getAuthenticatedBusiness"
"app/api/jobbpass/public/[token]/route.ts","GET",""
"app/api/jobbuddy/actions/route.ts","POST","getAuthenticatedBusiness;getCurrentUser"
"app/api/jobbuddy/photo/route.ts","POST","getAuthenticatedBusiness"
"app/api/jobbuddy/voice/route.ts","POST","getAuthenticatedBusiness"
"app/api/karin/calendar/route.ts","GET","getAuthenticatedBusiness;getCurrentUser"
"app/api/karin/calendar/route.ts","POST","getAuthenticatedBusiness;getCurrentUser"
"app/api/karin/events/[id]/route.ts","DELETE","getAuthenticatedBusiness;getCurrentUser"
"app/api/karin/events/route.ts","POST","getAuthenticatedBusiness;getCurrentUser"
"app/api/karin/supplier-invoices/route.ts","GET","getAuthenticatedBusiness;getCurrentUser"
"app/api/karin/supplier-invoices/route.ts","PATCH","getAuthenticatedBusiness;getCurrentUser;verifyOwnership"
"app/api/lead-portal/[code]/route.ts","GET",""
"app/api/lead-portal/[code]/route.ts","OPTIONS",""
"app/api/lead-portal/[code]/route.ts","POST",""
"app/api/lead-sources/list/route.ts","GET","getAuthenticatedBusiness"
"app/api/lead-sources/route.ts","DELETE","getAuthenticatedBusiness"
"app/api/lead-sources/route.ts","GET","getAuthenticatedBusiness"
"app/api/lead-sources/route.ts","POST","getAuthenticatedBusiness"
"app/api/lead-sources/route.ts","PUT","getAuthenticatedBusiness"
"app/api/leads/intake/route.ts","OPTIONS",""
"app/api/leads/intake/route.ts","POST",""
"app/api/leads/neighbours/[id]/route.ts","PATCH","getAuthenticatedBusiness"
"app/api/leads/neighbours/route.ts","GET","getAuthenticatedBusiness"
"app/api/leads/neighbours/route.ts","POST","getAuthenticatedBusiness"
"app/api/leads/outbound/[id]/route.ts","DELETE","getAuthenticatedBusiness"
"app/api/leads/outbound/[id]/route.ts","PATCH","getAuthenticatedBusiness"
"app/api/leads/outbound/[id]/send/route.ts","POST","getAuthenticatedBusiness"
"app/api/leads/outbound/batch/route.ts","POST","getAuthenticatedBusiness"
"app/api/leads/outbound/route.ts","GET","getAuthenticatedBusiness"
"app/api/leads/outbound/route.ts","POST","getAuthenticatedBusiness"
"app/api/leads/outbound/usage/route.ts","GET","getAuthenticatedBusiness"
"app/api/leads/pipeline-stages/route.ts","GET","getAuthenticatedBusiness"
"app/api/leads/pipeline-stages/route.ts","PATCH","getAuthenticatedBusiness"
"app/api/leads/route.ts","GET","getAuthenticatedBusiness"
"app/api/leads/route.ts","PATCH","getAuthenticatedBusiness;verifyOwnership"
"app/api/leads/route.ts","POST","getAuthenticatedBusiness"
"app/api/matte/chat/route.ts","POST","getAuthenticatedBusiness;getCurrentUser;verifyPageContextOwnership"
"app/api/matte/conversations/[id]/messages/route.ts","POST","getAuthenticatedBusiness"
"app/api/matte/conversations/[id]/route.ts","DELETE","getAuthenticatedBusiness"
"app/api/matte/conversations/[id]/route.ts","GET","getAuthenticatedBusiness"
"app/api/matte/conversations/[id]/route.ts","PATCH","getAuthenticatedBusiness"
"app/api/matte/conversations/route.ts","GET","getAuthenticatedBusiness"
"app/api/matte/conversations/route.ts","POST","getAuthenticatedBusiness"
"app/api/matte/threads/[id]/route.ts","DELETE","getAuthenticatedBusiness"
"app/api/matte/threads/[id]/route.ts","GET","getAuthenticatedBusiness"
"app/api/matte/threads/route.ts","GET","getAuthenticatedBusiness"
"app/api/matte/transcribe/route.ts","POST","getAuthenticatedBusiness"
"app/api/matte/upload-image/route.ts","POST","getAuthenticatedBusiness"
"app/api/me/route.ts","GET","getCurrentUser"
"app/api/me/route.ts","PATCH","getCurrentUser"
"app/api/mission/[id]/mandate/route.ts","PATCH","getAuthenticatedBusiness;getCurrentUser"
"app/api/mission/[id]/mandate/route.ts","POST","getAuthenticatedBusiness;getCurrentUser"
"app/api/mission/[id]/resolve/route.ts","POST","getAuthenticatedBusiness;getCurrentUser"
"app/api/mission/active/route.ts","GET","getAuthenticatedBusiness;getCurrentUser"
"app/api/mission/history/route.ts","GET","getAuthenticatedBusiness;getCurrentUser"
"app/api/mission/suggestions/route.ts","GET","getAuthenticatedBusiness;getCurrentUser"
"app/api/mobile/home/route.ts","GET","getAuthenticatedBusiness;getCurrentUser;canActOnApproval"
"app/api/moments/route.ts","GET","getAuthenticatedBusiness;getCurrentUser"
"app/api/monthly-reviews/route.ts","GET","getAuthenticatedBusiness"
"app/api/monthly-reviews/route.ts","PATCH","getAuthenticatedBusiness"
"app/api/morning-brief/route.ts","GET","getAuthenticatedBusiness"
"app/api/morning-brief/route.ts","POST","getAuthenticatedBusiness"
"app/api/next-best-action/route.ts","GET","getAuthenticatedBusiness;getCurrentUser;canActOnApproval"
"app/api/notifications/route.ts","GET","getAuthenticatedBusiness;getCurrentUser"
"app/api/notifications/route.ts","PUT","getAuthenticatedBusiness;getCurrentUser"
"app/api/nurture/route.ts","DELETE","getAuthenticatedBusiness"
"app/api/nurture/route.ts","GET","getAuthenticatedBusiness"
"app/api/nurture/route.ts","POST","getAuthenticatedBusiness"
"app/api/observations/[id]/route.ts","POST","getAuthenticatedBusiness"
"app/api/observations/route.ts","GET","getAuthenticatedBusiness;getCurrentUser"
"app/api/on-my-way/route.ts","POST","getAuthenticatedBusiness"
"app/api/onboarding/bolagsverket-lookup/route.ts","POST","getAuthenticatedBusiness"
"app/api/onboarding/channel-health/route.ts","GET","getAuthenticatedBusiness"
"app/api/onboarding/chat/route.ts","POST","getAuthenticatedBusiness"
"app/api/onboarding/company-scan/route.ts","GET","getAuthenticatedBusiness;getCurrentUser;hasPermission"
"app/api/onboarding/first-action/route.ts","POST","getAuthenticatedBusiness;getCurrentUser;hasPermission"
"app/api/onboarding/hours/route.ts","POST","getAuthenticatedBusiness"
"app/api/onboarding/instant-value/route.ts","GET","getAuthenticatedBusiness;getCurrentUser;hasPermission"
"app/api/onboarding/kom-igang/route.ts","GET","getAuthenticatedBusiness"
"app/api/onboarding/phone/reserve/route.ts","POST","getAuthenticatedBusiness"
"app/api/onboarding/phone/route.ts","POST",""
"app/api/onboarding/route.ts","GET","getAuthenticatedBusiness"
"app/api/onboarding/route.ts","POST","getAuthenticatedBusiness"
"app/api/onboarding/route.ts","PUT","getAuthenticatedBusiness"
"app/api/onboarding/scrape-website/route.ts","POST","getAuthenticatedBusiness"
"app/api/onboarding/seed-products/route.ts","POST","getAuthenticatedBusiness"
"app/api/onboarding/status/route.ts","POST","getAuthenticatedBusiness"
"app/api/onboarding/test-call/arm/route.ts","POST","getAuthenticatedBusiness"
"app/api/onboarding/test-call/lead/route.ts","DELETE","getAuthenticatedBusiness"
"app/api/onboarding/test-call/status/route.ts","GET","getAuthenticatedBusiness"
"app/api/orders/route.ts","DELETE","getAuthenticatedBusiness"
"app/api/orders/route.ts","GET","getAuthenticatedBusiness"
"app/api/orders/route.ts","POST","getAuthenticatedBusiness"
"app/api/orders/route.ts","PUT","getAuthenticatedBusiness"
"app/api/orders/send/route.ts","POST","getAuthenticatedBusiness"
"app/api/partners/agreement/route.ts","GET",""
"app/api/partners/agreement/route.ts","POST",""
"app/api/partners/billing-profile/route.ts","GET",""
"app/api/partners/billing-profile/route.ts","PUT",""
"app/api/partners/dashboard/route.ts","GET",""
"app/api/partners/followups/route.ts","DELETE",""
"app/api/partners/followups/route.ts","POST",""
"app/api/partners/login/route.ts","POST",""
"app/api/partners/logout/route.ts","POST",""
"app/api/partners/me/route.ts","GET",""
"app/api/partners/referral/route.ts","POST",""
"app/api/partners/register/route.ts","POST",""
"app/api/partners/self-billing/[id]/route.ts","GET",""
"app/api/partners/self-billing/[id]/route.ts","POST",""
"app/api/partners/validate/route.ts","GET",""
"app/api/partners/webhook/route.ts","GET",""
"app/api/partners/webhook/route.ts","POST",""
"app/api/partners/webhook/route.ts","PUT",""
"app/api/phone/available/route.ts","GET","getAuthenticatedBusiness"
"app/api/phone/provision/route.ts","DELETE","getAuthenticatedBusiness;getCurrentUser;hasPermission"
"app/api/phone/provision/route.ts","POST","getAuthenticatedBusiness;getCurrentUser;hasPermission"
"app/api/phone/settings/route.ts","GET","getAuthenticatedBusiness"
"app/api/phone/settings/route.ts","PATCH","getAuthenticatedBusiness"
"app/api/phone/settings/route.ts","POST","getAuthenticatedBusiness"
"app/api/pipeline/activity/[id]/undo/route.ts","POST","getAuthenticatedBusiness"
"app/api/pipeline/activity/route.ts","GET","getAuthenticatedBusiness"
"app/api/pipeline/deals/[id]/activity/route.ts","GET","getAuthenticatedBusiness"
"app/api/pipeline/deals/[id]/move/route.ts","POST","getAuthenticatedBusiness"
"app/api/pipeline/deals/[id]/route.ts","DELETE","getAuthenticatedBusiness"
"app/api/pipeline/deals/[id]/route.ts","GET","getAuthenticatedBusiness;getCurrentUser;hasPermission"
"app/api/pipeline/deals/[id]/route.ts","PATCH","getAuthenticatedBusiness;getCurrentUser;hasPermission"
"app/api/pipeline/deals/route.ts","GET","getAuthenticatedBusiness;getCurrentUser;hasPermission"
"app/api/pipeline/deals/route.ts","POST","getAuthenticatedBusiness"
"app/api/pipeline/notes/route.ts","DELETE","getAuthenticatedBusiness"
"app/api/pipeline/notes/route.ts","GET","getAuthenticatedBusiness"
"app/api/pipeline/notes/route.ts","POST","getAuthenticatedBusiness;getCurrentUser"
"app/api/pipeline/notes/route.ts","PUT","getAuthenticatedBusiness"
"app/api/pipeline/route.ts","GET","getAuthenticatedBusiness;getCurrentUser;hasPermission"
"app/api/pipeline/settings/route.ts","GET","getAuthenticatedBusiness"
"app/api/pipeline/settings/route.ts","PATCH","getAuthenticatedBusiness"
"app/api/pipeline/stages/route.ts","DELETE","getAuthenticatedBusiness"
"app/api/pipeline/stages/route.ts","GET","getAuthenticatedBusiness"
"app/api/pipeline/stages/route.ts","POST","getAuthenticatedBusiness"
"app/api/pipeline/stages/route.ts","PUT","getAuthenticatedBusiness"
"app/api/pipeline/stats/route.ts","GET","getAuthenticatedBusiness;getCurrentUser;hasPermission"
"app/api/playbook/patterns/route.ts","GET","getAuthenticatedBusiness"
"app/api/portal-messages/route.ts","GET","getAuthenticatedBusiness"
"app/api/portal-messages/route.ts","POST","getAuthenticatedBusiness"
"app/api/portal/[token]/activity/route.ts","GET",""
"app/api/portal/[token]/agreements/route.ts","GET",""
"app/api/portal/[token]/documents/route.ts","GET",""
"app/api/portal/[token]/installations/route.ts","GET",""
"app/api/portal/[token]/invoices/[id]/claim-paid/route.ts","POST",""
"app/api/portal/[token]/invoices/[id]/route.ts","GET",""
"app/api/portal/[token]/invoices/route.ts","GET",""
"app/api/portal/[token]/jobbpass/route.ts","GET",""
"app/api/portal/[token]/messages/route.ts","GET",""
"app/api/portal/[token]/messages/route.ts","POST",""
"app/api/portal/[token]/projects/route.ts","GET",""
"app/api/portal/[token]/quotes/route.ts","GET",""
"app/api/portal/[token]/reports/route.ts","GET",""
"app/api/portal/[token]/route.ts","GET",""
"app/api/portal/link/route.ts","GET","getAuthenticatedBusiness"
"app/api/portal/route.ts","GET",""
"app/api/portal/route.ts","POST",""
"app/api/portal/verify-quote-flow/route.ts","GET","getAuthenticatedBusiness"
"app/api/preferences/route.ts","DELETE","getAuthenticatedBusiness"
"app/api/preferences/route.ts","GET","getAuthenticatedBusiness"
"app/api/preferences/route.ts","POST","getAuthenticatedBusiness"
"app/api/preparation/[token]/route.ts","GET",""
"app/api/preparation/[token]/route.ts","POST",""
"app/api/pricing/contract-types/[id]/route.ts","DELETE","getAuthenticatedBusiness"
"app/api/pricing/contract-types/[id]/route.ts","PUT","getAuthenticatedBusiness"
"app/api/pricing/contract-types/route.ts","GET","getAuthenticatedBusiness"
"app/api/pricing/contract-types/route.ts","POST","getAuthenticatedBusiness"
"app/api/pricing/price-lists/[id]/items/route.ts","POST","getAuthenticatedBusiness"
"app/api/pricing/price-lists/[id]/items/route.ts","PUT","getAuthenticatedBusiness"
"app/api/pricing/price-lists/[id]/route.ts","DELETE","getAuthenticatedBusiness"
"app/api/pricing/price-lists/[id]/route.ts","GET","getAuthenticatedBusiness"
"app/api/pricing/price-lists/[id]/route.ts","PUT","getAuthenticatedBusiness"
"app/api/pricing/price-lists/route.ts","GET","getAuthenticatedBusiness"
"app/api/pricing/price-lists/route.ts","POST","getAuthenticatedBusiness"
"app/api/pricing/resolve/route.ts","GET","getAuthenticatedBusiness"
"app/api/pricing/segments/[id]/route.ts","DELETE","getAuthenticatedBusiness"
"app/api/pricing/segments/[id]/route.ts","PUT","getAuthenticatedBusiness"
"app/api/pricing/segments/route.ts","GET","getAuthenticatedBusiness"
"app/api/pricing/segments/route.ts","POST","getAuthenticatedBusiness"
"app/api/priority-rules/route.ts","DELETE","getAuthenticatedBusiness;getCurrentUser"
"app/api/priority-rules/route.ts","GET","getAuthenticatedBusiness"
"app/api/priority-rules/route.ts","POST","getAuthenticatedBusiness;getCurrentUser"
"app/api/product-catalog/route.ts","GET","getAuthenticatedBusiness"
"app/api/product-catalog/route.ts","POST","getAuthenticatedBusiness"
"app/api/products/[id]/components/route.ts","GET","getAuthenticatedBusiness;verifyProductOwnership"
"app/api/products/[id]/components/route.ts","PUT","getAuthenticatedBusiness;verifyProductOwnership"
"app/api/products/[id]/reservations/route.ts","GET","getAuthenticatedBusiness;verifyProductOwnership"
"app/api/products/[id]/reservations/route.ts","PUT","getAuthenticatedBusiness;verifyProductOwnership"
"app/api/products/categories/route.ts","DELETE","getAuthenticatedBusiness"
"app/api/products/categories/route.ts","GET","getAuthenticatedBusiness"
"app/api/products/categories/route.ts","PATCH","getAuthenticatedBusiness"
"app/api/products/categories/route.ts","POST","getAuthenticatedBusiness"
"app/api/products/route.ts","DELETE","getAuthenticatedBusiness"
"app/api/products/route.ts","GET","getAuthenticatedBusiness"
"app/api/products/route.ts","POST","getAuthenticatedBusiness"
"app/api/products/route.ts","PUT","getAuthenticatedBusiness"
"app/api/project-cases/route.ts","GET","getAuthenticatedBusiness;getCurrentUser;canActOnApproval"
"app/api/project-closeout-copilot/route.ts","GET","getAuthenticatedBusiness;getCurrentUser"
"app/api/project-templates/route.ts","GET","getAuthenticatedBusiness"
"app/api/project-templates/route.ts","POST","getAuthenticatedBusiness"
"app/api/projects/[id]/advance-stage/route.ts","POST","getAuthenticatedBusiness"
"app/api/projects/[id]/canvas/route.ts","GET","getAuthenticatedBusiness"
"app/api/projects/[id]/canvas/route.ts","PUT","getAuthenticatedBusiness"
"app/api/projects/[id]/changes/route.ts","DELETE","getAuthenticatedBusiness"
"app/api/projects/[id]/changes/route.ts","GET","getAuthenticatedBusiness"
"app/api/projects/[id]/changes/route.ts","POST","getAuthenticatedBusiness"
"app/api/projects/[id]/changes/route.ts","PUT","getAuthenticatedBusiness"
"app/api/projects/[id]/checklists/[checklistId]/route.ts","DELETE","getAuthenticatedBusiness"
"app/api/projects/[id]/checklists/[checklistId]/route.ts","PATCH","getAuthenticatedBusiness;getCurrentUser"
"app/api/projects/[id]/checklists/route.ts","GET","getAuthenticatedBusiness"
"app/api/projects/[id]/checklists/route.ts","POST","getAuthenticatedBusiness"
"app/api/projects/[id]/costs/route.ts","DELETE","getAuthenticatedBusiness;getCurrentUser;hasPermission"
"app/api/projects/[id]/costs/route.ts","GET","getAuthenticatedBusiness;getCurrentUser;hasPermission"
"app/api/projects/[id]/costs/route.ts","POST","getAuthenticatedBusiness;getCurrentUser;hasPermission"
"app/api/projects/[id]/create-final-invoice/route.ts","POST","getAuthenticatedBusiness;getCurrentUser;hasPermission"
"app/api/projects/[id]/documents/[docId]/route.ts","DELETE","getAuthenticatedBusiness"
"app/api/projects/[id]/documents/[docId]/route.ts","GET","getAuthenticatedBusiness"
"app/api/projects/[id]/documents/route.ts","GET","getAuthenticatedBusiness"
"app/api/projects/[id]/documents/route.ts","POST","getAuthenticatedBusiness"
"app/api/projects/[id]/efterkalkyl/route.ts","GET","getAuthenticatedBusiness;getCurrentUser;hasPermission"
"app/api/projects/[id]/installations/route.ts","DELETE","getAuthenticatedBusiness"
"app/api/projects/[id]/installations/route.ts","GET","getAuthenticatedBusiness"
"app/api/projects/[id]/installations/route.ts","PATCH","getAuthenticatedBusiness"
"app/api/projects/[id]/installations/route.ts","POST","getAuthenticatedBusiness"
"app/api/projects/[id]/invoice-preview/route.ts","GET","getAuthenticatedBusiness"
"app/api/projects/[id]/jobbpass/notify/route.ts","POST","getAuthenticatedBusiness;getCurrentUser"
"app/api/projects/[id]/jobbpass/publish/route.ts","POST","getAuthenticatedBusiness;getCurrentUser"
"app/api/projects/[id]/jobbpass/route.ts","GET","getAuthenticatedBusiness;getCurrentUser"
"app/api/projects/[id]/jobbpass/route.ts","PATCH","getAuthenticatedBusiness;getCurrentUser"
"app/api/projects/[id]/logs/[logId]/photos/route.ts","DELETE",""
"app/api/projects/[id]/logs/[logId]/photos/route.ts","POST",""
"app/api/projects/[id]/logs/[logId]/route.ts","DELETE",""
"app/api/projects/[id]/logs/[logId]/route.ts","PATCH",""
"app/api/projects/[id]/logs/pdf/route.ts","GET",""
"app/api/projects/[id]/logs/route.ts","GET",""
"app/api/projects/[id]/logs/route.ts","POST",""
"app/api/projects/[id]/materials/route.ts","DELETE","getAuthenticatedBusiness"
"app/api/projects/[id]/materials/route.ts","GET","getAuthenticatedBusiness"
"app/api/projects/[id]/materials/route.ts","POST","getAuthenticatedBusiness"
"app/api/projects/[id]/materials/route.ts","PUT","getAuthenticatedBusiness"
"app/api/projects/[id]/milestones/route.ts","DELETE","getAuthenticatedBusiness"
"app/api/projects/[id]/milestones/route.ts","GET","getAuthenticatedBusiness"
"app/api/projects/[id]/milestones/route.ts","PATCH","getAuthenticatedBusiness"
"app/api/projects/[id]/milestones/route.ts","POST","getAuthenticatedBusiness"
"app/api/projects/[id]/milestones/route.ts","PUT","getAuthenticatedBusiness"
"app/api/projects/[id]/profitability/mobile/route.ts","GET","getAuthenticatedBusiness;getCurrentUser;hasPermission"
"app/api/projects/[id]/profitability/per-person/route.ts","GET","getAuthenticatedBusiness;getCurrentUser"
"app/api/projects/[id]/profitability/route.ts","GET","getAuthenticatedBusiness;getCurrentUser;hasPermission"
"app/api/projects/[id]/quote-context-debug/route.ts","GET","getAuthenticatedBusiness;getCurrentUser"
"app/api/projects/[id]/quote-context/route.ts","GET","getAuthenticatedBusiness;getCurrentUser"
"app/api/projects/[id]/route.ts","GET","getAuthenticatedBusiness"
"app/api/projects/[id]/stages/route.ts","GET","getAuthenticatedBusiness"
"app/api/projects/[id]/stages/route.ts","POST","getAuthenticatedBusiness"
"app/api/projects/[id]/team/route.ts","DELETE","getAuthenticatedBusiness;getCurrentUser;hasPermission"
"app/api/projects/[id]/team/route.ts","GET","getAuthenticatedBusiness"
"app/api/projects/[id]/team/route.ts","PATCH","getAuthenticatedBusiness;getCurrentUser;hasPermission"
"app/api/projects/[id]/team/route.ts","POST","getAuthenticatedBusiness;getCurrentUser;hasPermission"
"app/api/projects/[id]/tips/route.ts","GET","getAuthenticatedBusiness"
"app/api/projects/[id]/tips/route.ts","POST","getAuthenticatedBusiness;getCurrentUser"
"app/api/projects/[id]/workflow/route.ts","GET","getAuthenticatedBusiness"
"app/api/projects/ai-analyze/route.ts","POST","getAuthenticatedBusiness"
"app/api/projects/route.ts","DELETE","getAuthenticatedBusiness"
"app/api/projects/route.ts","GET","getAuthenticatedBusiness;getCurrentUser;hasPermission"
"app/api/projects/route.ts","POST","getAuthenticatedBusiness;getCurrentUser;hasPermission;verifyOwnership"
"app/api/projects/route.ts","PUT","getAuthenticatedBusiness"
"app/api/public/availability/[slug]/route.ts","GET",""
"app/api/public/book/[slug]/route.ts","POST",""
"app/api/push-tokens/route.ts","GET","getAuthenticatedBusiness"
"app/api/push-tokens/route.ts","POST","getAuthenticatedBusiness;getCurrentUser"
"app/api/push/send/route.ts","POST","getAuthenticatedBusiness"
"app/api/push/subscribe/route.ts","POST","getAuthenticatedBusiness;getCurrentUser"
"app/api/push/test-approval/route.ts","GET","getAuthenticatedBusiness"
"app/api/push/unsubscribe/route.ts","POST","getAuthenticatedBusiness"
"app/api/quote-categories/route.ts","DELETE","getAuthenticatedBusiness"
"app/api/quote-categories/route.ts","GET","getAuthenticatedBusiness"
"app/api/quote-categories/route.ts","POST","getAuthenticatedBusiness"
"app/api/quote-categories/route.ts","PUT","getAuthenticatedBusiness"
"app/api/quote-standard-texts/route.ts","DELETE","getAuthenticatedBusiness"
"app/api/quote-standard-texts/route.ts","GET","getAuthenticatedBusiness"
"app/api/quote-standard-texts/route.ts","POST","getAuthenticatedBusiness"
"app/api/quote-standard-texts/route.ts","PUT","getAuthenticatedBusiness"
"app/api/quote-templates/route.ts","DELETE","getAuthenticatedBusiness"
"app/api/quote-templates/route.ts","GET","getAuthenticatedBusiness"
"app/api/quote-templates/route.ts","PATCH","getAuthenticatedBusiness"
"app/api/quote-templates/route.ts","POST","getAuthenticatedBusiness"
"app/api/quote-templates/route.ts","PUT","getAuthenticatedBusiness"
"app/api/quote-templates/seed/route.ts","POST","getAuthenticatedBusiness"
"app/api/quotes/[id]/sign-link/route.ts","POST","getAuthenticatedBusiness"
"app/api/quotes/accept/route.ts","POST","getAuthenticatedBusiness;getCurrentUser;hasPermission"
"app/api/quotes/ai-generate/route.ts","POST","getAuthenticatedBusiness"
"app/api/quotes/attachments/upload/route.ts","POST","getAuthenticatedBusiness"
"app/api/quotes/efterkalkyl-insikt/route.ts","GET","getAuthenticatedBusiness"
"app/api/quotes/intelligence/decision/route.ts","POST","getAuthenticatedBusiness"
"app/api/quotes/intelligence/route.ts","GET","getAuthenticatedBusiness;getCurrentUser;hasPermission"
"app/api/quotes/pdf/route.ts","GET","getAuthenticatedBusiness;getCurrentUser;hasPermission"
"app/api/quotes/pdf/route.ts","POST","getAuthenticatedBusiness;getCurrentUser;hasPermission"
"app/api/quotes/preview-html/route.ts","POST","getAuthenticatedBusiness;getCurrentUser"
"app/api/quotes/public/[token]/route.ts","GET",""
"app/api/quotes/public/[token]/route.ts","POST",""
"app/api/quotes/route.ts","DELETE","getAuthenticatedBusiness;getCurrentUser;hasPermission"
"app/api/quotes/route.ts","GET","getAuthenticatedBusiness"
"app/api/quotes/route.ts","POST","getAuthenticatedBusiness;getCurrentUser;hasPermission"
"app/api/quotes/route.ts","PUT","getAuthenticatedBusiness;getCurrentUser;hasPermission"
"app/api/quotes/send/route.ts","POST","getAuthenticatedBusiness;getCurrentUser;hasPermission"
"app/api/quotes/sign-link/route.ts","POST","getAuthenticatedBusiness"
"app/api/quotes/templates/route.ts","DELETE","getAuthenticatedBusiness"
"app/api/quotes/templates/route.ts","GET","getAuthenticatedBusiness"
"app/api/quotes/templates/route.ts","PATCH","getAuthenticatedBusiness"
"app/api/quotes/templates/route.ts","POST","getAuthenticatedBusiness"
"app/api/quotes/track/route.ts","GET",""
"app/api/quotes/track/route.ts","POST",""
"app/api/quotes/upload-image/route.ts","POST","getAuthenticatedBusiness"
"app/api/recordings/route.ts","DELETE","getAuthenticatedBusiness;getCurrentUser"
"app/api/recordings/route.ts","GET","getAuthenticatedBusiness"
"app/api/recordings/route.ts","PATCH","getAuthenticatedBusiness;getCurrentUser"
"app/api/referral-lead/route.ts","GET",""
"app/api/referral-lead/route.ts","POST",""
"app/api/referral/route.ts","GET","getAuthenticatedBusiness"
"app/api/reminders/route.ts","GET",""
"app/api/reminders/route.ts","POST",""
"app/api/reservations/decisions/route.ts","POST","getAuthenticatedBusiness"
"app/api/reservations/route.ts","DELETE","getAuthenticatedBusiness"
"app/api/reservations/route.ts","GET","getAuthenticatedBusiness"
"app/api/reservations/route.ts","POST","getAuthenticatedBusiness"
"app/api/reservations/route.ts","PUT","getAuthenticatedBusiness"
"app/api/revenue-recovery-cases/route.ts","GET","getAuthenticatedBusiness;getCurrentUser"
"app/api/revenue-review/[id]/route.ts","POST","getAuthenticatedBusiness;getCurrentUser;hasPermission"
"app/api/revenue-review/route.ts","GET","getAuthenticatedBusiness;getCurrentUser;hasPermission"
"app/api/reviews/mark-received/route.ts","POST","getAuthenticatedBusiness"
"app/api/rot-payment/eligible/route.ts","GET","getAuthenticatedBusiness;getCurrentUser;hasPermission"
"app/api/rot-payment/generate/route.ts","POST","getAuthenticatedBusiness;getCurrentUser;hasPermission"
"app/api/rot-payment/import-decision/route.ts","POST","getAuthenticatedBusiness;getCurrentUser;hasPermission"
"app/api/schedule/[id]/route.ts","DELETE","getAuthenticatedBusiness;getCurrentUser"
"app/api/schedule/[id]/route.ts","PATCH","getAuthenticatedBusiness;getCurrentUser;notifyScheduleAssignment"
"app/api/schedule/availability/route.ts","GET","getAuthenticatedBusiness"
"app/api/schedule/route.ts","GET","getAuthenticatedBusiness"
"app/api/schedule/route.ts","POST","getAuthenticatedBusiness;getCurrentUser;notifyScheduleAssignment"
"app/api/schema/assign-preview/route.ts","POST","getAuthenticatedBusiness;getCurrentUser"
"app/api/seasonality/insights/route.ts","GET","getAuthenticatedBusiness"
"app/api/settings/gmail-lead/route.ts","GET","getAuthenticatedBusiness;getCurrentUser"
"app/api/settings/gmail-lead/route.ts","PUT","getAuthenticatedBusiness;getCurrentUser"
"app/api/settings/lead-sources/route.ts","DELETE","getAuthenticatedBusiness"
"app/api/settings/lead-sources/route.ts","GET","getAuthenticatedBusiness"
"app/api/settings/lead-sources/route.ts","POST","getAuthenticatedBusiness"
"app/api/settings/lead-sources/route.ts","PUT","getAuthenticatedBusiness"
"app/api/settings/route.ts","GET","getAuthenticatedBusiness;getCurrentUser;hasPermission"
"app/api/settings/route.ts","PUT","getAuthenticatedBusiness;getCurrentUser;hasPermission"
"app/api/sms/conversations/route.ts","GET","getAuthenticatedBusiness"
"app/api/sms/conversations/route.ts","POST","getAuthenticatedBusiness"
"app/api/sms/incoming/route.ts","POST",""
"app/api/sms/log/route.ts","GET","getAuthenticatedBusiness"
"app/api/sms/on-my-way/route.ts","POST","getAuthenticatedBusiness"
"app/api/sms/send/route.ts","POST","getAuthenticatedBusiness"
"app/api/sms/thread/route.ts","GET","getAuthenticatedBusiness"
"app/api/sms/usage/route.ts","GET","getAuthenticatedBusiness"
"app/api/storefront/contact/route.ts","OPTIONS",""
"app/api/storefront/contact/route.ts","POST",""
"app/api/storefront/generate/route.ts","POST","getAuthenticatedBusiness"
"app/api/storefront/route.ts","GET","getAuthenticatedBusiness"
"app/api/storefront/route.ts","PUT","getAuthenticatedBusiness"
"app/api/storefront/track/route.ts","OPTIONS",""
"app/api/storefront/track/route.ts","POST",""
"app/api/subcontractors/route.ts","DELETE","getAuthenticatedBusiness"
"app/api/subcontractors/route.ts","GET","getAuthenticatedBusiness"
"app/api/subcontractors/route.ts","POST","getAuthenticatedBusiness"
"app/api/subcontractors/route.ts","PUT","getAuthenticatedBusiness"
"app/api/suggestions/approve/route.ts","POST","getAuthenticatedBusiness;getCurrentUser"
"app/api/suggestions/route.ts","GET","getAuthenticatedBusiness"
"app/api/supplier-invoices/route.ts","DELETE","getAuthenticatedBusiness;getCurrentUser;hasPermission"
"app/api/supplier-invoices/route.ts","GET","getAuthenticatedBusiness;getCurrentUser;hasPermission"
"app/api/supplier-invoices/route.ts","PATCH","getAuthenticatedBusiness;getCurrentUser;hasPermission;verifyOwnership"
"app/api/supplier-invoices/route.ts","POST","getAuthenticatedBusiness;getCurrentUser;hasPermission;verifyOwnership"
"app/api/suppliers/compare/route.ts","POST","getAuthenticatedBusiness"
"app/api/suppliers/import/route.ts","POST","getAuthenticatedBusiness"
"app/api/suppliers/manual/[id]/route.ts","DELETE","getAuthenticatedBusiness"
"app/api/suppliers/manual/[id]/route.ts","PUT","getAuthenticatedBusiness"
"app/api/suppliers/manual/route.ts","GET","getAuthenticatedBusiness"
"app/api/suppliers/manual/route.ts","POST","getAuthenticatedBusiness"
"app/api/suppliers/products/route.ts","DELETE","getAuthenticatedBusiness"
"app/api/suppliers/products/route.ts","GET","getAuthenticatedBusiness"
"app/api/suppliers/products/route.ts","POST","getAuthenticatedBusiness"
"app/api/suppliers/products/route.ts","PUT","getAuthenticatedBusiness"
"app/api/suppliers/route.ts","DELETE","getAuthenticatedBusiness"
"app/api/suppliers/route.ts","GET","getAuthenticatedBusiness"
"app/api/suppliers/route.ts","POST","getAuthenticatedBusiness"
"app/api/suppliers/route.ts","PUT","getAuthenticatedBusiness"
"app/api/swish-qr/route.ts","GET",""
"app/api/tasks/batch/route.ts","POST","getAuthenticatedBusiness"
"app/api/tasks/route.ts","DELETE","getAuthenticatedBusiness;getCurrentUser"
"app/api/tasks/route.ts","GET","getAuthenticatedBusiness;getCurrentUser"
"app/api/tasks/route.ts","POST","getAuthenticatedBusiness;verifyOwnership"
"app/api/tasks/route.ts","PUT","getAuthenticatedBusiness;getCurrentUser;verifyOwnership"
"app/api/team/[id]/resend-invite/route.ts","POST","getAuthenticatedBusiness;getCurrentUser;hasPermission"
"app/api/team/[id]/route.ts","GET","getAuthenticatedBusiness;getCurrentUser;hasPermission"
"app/api/team/certificates/route.ts","DELETE","getAuthenticatedBusiness;getCurrentUser"
"app/api/team/certificates/route.ts","GET","getAuthenticatedBusiness;getCurrentUser"
"app/api/team/certificates/route.ts","POST","getAuthenticatedBusiness;getCurrentUser"
"app/api/team/certificates/route.ts","PUT","getAuthenticatedBusiness;getCurrentUser"
"app/api/team/invite/route.ts","POST","getAuthenticatedBusiness;getCurrentUser;hasPermission"
"app/api/team/me/route.ts","GET","getAuthenticatedBusiness;getCurrentUser;hasPermission"
"app/api/team/route.ts","DELETE","getAuthenticatedBusiness;getCurrentUser;hasPermission"
"app/api/team/route.ts","GET","getAuthenticatedBusiness;getCurrentUser"
"app/api/team/route.ts","PATCH","getAuthenticatedBusiness;getCurrentUser;hasPermission"
"app/api/test/portal-notification/route.ts","GET",""
"app/api/test/portal-notification/route.ts","POST","getAuthenticatedBusiness"
"app/api/time-checkins/route.ts","GET","getAuthenticatedBusiness;getCurrentUser;hasPermission"
"app/api/time-entry/approve/route.ts","GET","getAuthenticatedBusiness;getCurrentUser;hasPermission"
"app/api/time-entry/approve/route.ts","POST","getAuthenticatedBusiness;getCurrentUser;hasPermission"
"app/api/time-entry/break/route.ts","POST","getAuthenticatedBusiness"
"app/api/time-entry/bulk/route.ts","POST","getAuthenticatedBusiness;getCurrentUser;hasPermission"
"app/api/time-entry/check-in/route.ts","GET","getAuthenticatedBusiness"
"app/api/time-entry/check-in/route.ts","POST","getAuthenticatedBusiness"
"app/api/time-entry/check-out/route.ts","POST","getAuthenticatedBusiness"
"app/api/time-entry/report/route.ts","GET","getAuthenticatedBusiness;getCurrentUser;hasPermission"
"app/api/time-entry/route.ts","DELETE","getAuthenticatedBusiness;getCurrentUser"
"app/api/time-entry/route.ts","GET","getAuthenticatedBusiness;getCurrentUser;hasPermission"
"app/api/time-entry/route.ts","POST","getAuthenticatedBusiness;getCurrentUser"
"app/api/time-entry/route.ts","PUT","getAuthenticatedBusiness;getCurrentUser"
"app/api/time-entry/summary/route.ts","GET","getAuthenticatedBusiness;getCurrentUser;hasPermission"
"app/api/time-off/[id]/route.ts","DELETE","getAuthenticatedBusiness;getCurrentUser;hasPermission"
"app/api/time-off/[id]/route.ts","PATCH","getAuthenticatedBusiness;getCurrentUser;hasPermission"
"app/api/time-off/route.ts","GET","getAuthenticatedBusiness"
"app/api/time-off/route.ts","POST","getAuthenticatedBusiness;getCurrentUser"
"app/api/time-reports/approve/route.ts","GET","getAuthenticatedBusiness;getCurrentUser;hasPermission"
"app/api/time-reports/approve/route.ts","POST","getAuthenticatedBusiness;getCurrentUser;hasPermission"
"app/api/time-reports/payroll-export/route.ts","GET","getAuthenticatedBusiness;getCurrentUser"
"app/api/time-reports/project-comparison/route.ts","GET","getAuthenticatedBusiness;getCurrentUser;hasPermission"
"app/api/time-reports/weekly/route.ts","GET","getAuthenticatedBusiness;getCurrentUser;hasPermission"
"app/api/tips/home/route.ts","GET","getAuthenticatedBusiness;getCurrentUser"
"app/api/travel-entry/route.ts","DELETE","getAuthenticatedBusiness;getCurrentUser;hasPermission"
"app/api/travel-entry/route.ts","GET","getAuthenticatedBusiness;getCurrentUser;hasPermission"
"app/api/travel-entry/route.ts","POST","getAuthenticatedBusiness;getCurrentUser;hasPermission"
"app/api/travel-entry/route.ts","PUT","getAuthenticatedBusiness;getCurrentUser;hasPermission"
"app/api/value/agarrapport/route.ts","GET","getAuthenticatedBusiness;getCurrentUser"
"app/api/value/kvitto/route.ts","GET","getAuthenticatedBusiness;getCurrentUser"
"app/api/value/ledger/history/route.ts","GET","getAuthenticatedBusiness;getCurrentUser"
"app/api/value/ledger/route.ts","GET","getAuthenticatedBusiness;getCurrentUser"
"app/api/vehicle-reports/calculate-distance/route.ts","POST","getAuthenticatedBusiness"
"app/api/vehicle-reports/route.ts","DELETE","getAuthenticatedBusiness;getCurrentUser;hasPermission"
"app/api/vehicle-reports/route.ts","GET","getAuthenticatedBusiness;getCurrentUser;hasPermission"
"app/api/vehicle-reports/route.ts","PATCH","getAuthenticatedBusiness;getCurrentUser;hasPermission"
"app/api/vehicle-reports/route.ts","POST","getAuthenticatedBusiness;getCurrentUser"
"app/api/vehicles/route.ts","DELETE","getAuthenticatedBusiness"
"app/api/vehicles/route.ts","GET","getAuthenticatedBusiness"
"app/api/vehicles/route.ts","PATCH","getAuthenticatedBusiness"
"app/api/vehicles/route.ts","POST","getAuthenticatedBusiness"
"app/api/voice/analyze/route.ts","POST","getAuthenticatedBusiness;getCurrentUser"
"app/api/voice/calls/route.ts","GET","authorized;canActOnApproval"
"app/api/voice/calls/route.ts","PATCH","authorized"
"app/api/voice/consent/route.ts","POST",""
"app/api/voice/execute/route.ts","POST","getAuthenticatedBusiness;getCurrentUser"
"app/api/voice/greeting/route.ts","GET",""
"app/api/voice/greeting/route.ts","POST",""
"app/api/voice/incoming/route.ts","POST",""
"app/api/voice/latest/route.ts","GET","getAuthenticatedBusiness"
"app/api/voice/meeting/abandon/route.ts","POST","getAuthenticatedBusiness"
"app/api/voice/meeting/complete/route.ts","POST","getAuthenticatedBusiness"
"app/api/voice/meeting/segment/route.ts","POST","getAuthenticatedBusiness"
"app/api/voice/meeting/start/route.ts","GET","getAuthenticatedBusiness"
"app/api/voice/meeting/start/route.ts","POST","getAuthenticatedBusiness;verifyOwnership"
"app/api/voice/missed/route.ts","GET",""
"app/api/voice/missed/route.ts","POST",""
"app/api/voice/outbound/hangup/route.ts","POST",""
"app/api/voice/outbound/route.ts","POST",""
"app/api/voice/outbound/start/route.ts","GET","getAuthenticatedBusiness;getCurrentUser"
"app/api/voice/outbound/start/route.ts","POST","getAuthenticatedBusiness;getCurrentUser"
"app/api/voice/recording/route.ts","POST",""
"app/api/voice/transcribe/route.ts","POST","getAuthenticatedBusiness;getCurrentUser"
"app/api/warranties/route.ts","DELETE","getAuthenticatedBusiness"
"app/api/warranties/route.ts","GET","getAuthenticatedBusiness"
"app/api/warranties/route.ts","POST","getAuthenticatedBusiness"
"app/api/warranties/route.ts","PUT","getAuthenticatedBusiness"
"app/api/weather/route.ts","GET","getAuthenticatedBusiness"
"app/api/webhooks/google-calendar/route.ts","POST",""
"app/api/widget/analytics/route.ts","GET","getAuthenticatedBusiness"
"app/api/widget/chat/route.ts","OPTIONS",""
"app/api/widget/chat/route.ts","POST",""
"app/api/widget/config/route.ts","GET",""
"app/api/widget/config/route.ts","OPTIONS",""
"app/api/widget/config/route.ts","PUT","getAuthenticatedBusiness"
"app/api/widget/status/route.ts","GET","getAuthenticatedBusiness"
"app/api/work-orders/[id]/complete/route.ts","POST","getAuthenticatedBusiness"
"app/api/work-orders/[id]/pdf/route.ts","GET","getAuthenticatedBusiness"
"app/api/work-orders/[id]/send/route.ts","POST","getAuthenticatedBusiness"
"app/api/work-orders/route.ts","DELETE","getAuthenticatedBusiness"
"app/api/work-orders/route.ts","GET","getAuthenticatedBusiness"
"app/api/work-orders/route.ts","PATCH","getAuthenticatedBusiness"
"app/api/work-orders/route.ts","POST","getAuthenticatedBusiness"
"app/api/work-types/route.ts","DELETE","getAuthenticatedBusiness"
"app/api/work-types/route.ts","GET","getAuthenticatedBusiness"
"app/api/work-types/route.ts","POST","getAuthenticatedBusiness"
"app/api/work-types/route.ts","PUT","getAuthenticatedBusiness"
